variant_id,gene,chr,position,maf_cases,maf_controls,or,p_value,is_causal
VDR_chr12:48256953,VDR,chr12,48256953,0.005,0.041666666666666664,0.11557788944723502,0.002536948624798335,False
CYP24A1_chr20:54174292,CYP24A1,chr20,54174292,0.4025,0.475,0.744549658665491,0.007043576019203468,False
GC_chr4:72661273,GC,chr4,72661273,0.3825,0.36333333333333334,1.0854288155108993,0.014511661344446213,False
VDR_chr12:48236741,VDR,chr12,48236741,0.46,0.3933333333333333,1.3138731952291247,0.015041947138572822,False
CYP27B1_chr12:57766379,CYP27B1,chr12,57766379,0.27,0.25166666666666665,1.0997913453687718,0.01650985105410768,False
VDR_chr12:48272964,VDR,chr12,48272964,0.2075,0.2,1.047318611987379,0.027940833428393715,False
CYP2R1_chr11:14904959,CYP2R1,chr11,14904959,0.4675,0.385,1.4024144869215263,0.032430258836256866,True
CYP2R1_chr11:14912877,CYP2R1,chr11,14912877,0.33,0.4083333333333333,0.7136765153822712,0.035488333926897715,False
VDR_chr12:48257452,VDR,chr12,48257452,0.3825,0.30666666666666664,1.400457665903887,0.05071969028265278,False
GC_chr4:72665843,GC,chr4,72665843,0.29,0.3466666666666667,0.7697724810400853,0.05105923369605484,False
VDR_chr12:48237110,VDR,chr12,48237110,0.0975,0.13666666666666666,0.6824538882507916,0.05146527519210111,False
CYP24A1_chr20:54155395,CYP24A1,chr20,54155395,0.1125,0.16166666666666665,0.6573253956730052,0.05699810187470394,False
CYP24A1_chr20:54161067,CYP24A1,chr20,54161067,0.275,0.265,1.0520494469746235,0.05799076066672765,False
GC_chr4:72643102,GC,chr4,72643102,0.125,0.09333333333333334,1.3877551020408094,0.06063758070804598,True
CYP24A1_chr20:54158770,CYP24A1,chr20,54158770,0.3925,0.325,1.341880341880339,0.06336431137111154,False
GC_chr4:72639423,GC,chr4,72639423,0.4725,0.5233333333333333,0.8158601744800301,0.06817983518590706,True
VDR_chr12:48238228,VDR,chr12,48238228,0.4975,0.42333333333333334,1.3486504485446755,0.06932918638844038,False
GC_chr4:72633948,GC,chr4,72633948,0.3825,0.3433333333333333,1.184741165834674,0.07018858447370419,False
CYP27B1_chr12:57762607,CYP27B1,chr12,57762607,0.28,0.235,1.2659574468085075,0.07374046525312154,False
CYP27B1_chr12:57767651,CYP27B1,chr12,57767651,0.0725,0.09666666666666666,0.7304582210242554,0.07497678431606236,True
GC_chr4:72610011,GC,chr4,72610011,0.1825,0.13166666666666665,1.4722641582471976,0.075746717724214,False
CYP24A1_chr20:54172133,CYP24A1,chr20,54172133,0.1,0.13166666666666665,0.7327707454289707,0.07872438736088354,True
CYP2R1_chr11:14917130,CYP2R1,chr11,14917130,0.4475,0.43333333333333335,1.0591715976331342,0.08350390846017568,False
CYP24A1_chr20:54157197,CYP24A1,chr20,54157197,0.2075,0.27166666666666667,0.7019604807338725,0.0852154410841085,False
CYP2R1_chr11:14900737,CYP2R1,chr11,14900737,0.2125,0.235,0.878419452887536,0.09715791597213136,False
GC_chr4:72631079,GC,chr4,72631079,0.36,0.31166666666666665,1.2423128342245964,0.09716158536362031,False
VDR_chr12:48252637,VDR,chr12,48252637,0.4,0.35333333333333333,1.2201257861635195,0.09876744553180042,False
CYP2R1_chr11:14906116,CYP2R1,chr11,14906116,0.2625,0.26,1.0130378096479769,0.09946081444667604,False
CYP24A1_chr20:54168769,CYP24A1,chr20,54168769,0.2,0.14833333333333334,1.4353932584269613,0.1036864610130914,False
GC_chr4:72625585,GC,chr4,72625585,0.455,0.3883333333333333,1.3149978343898858,0.1148447574920034,False
CYP24A1_chr20:54158947,CYP24A1,chr20,54158947,0.3925,0.3416666666666667,1.2449061527652288,0.11625033001463661,True
CYP2R1_chr11:14919422,CYP2R1,chr11,14919422,0.2075,0.16333333333333333,1.3412090388205713,0.11648105032774395,False
CYP24A1_chr20:54167316,CYP24A1,chr20,54167316,0.1375,0.10166666666666667,1.4086481349489124,0.12130086978660302,False
CYP2R1_chr11:14897545,CYP2R1,chr11,14897545,0.1,0.12666666666666668,0.7660818713450265,0.12285721274097748,False
VDR_chr12:48245208,VDR,chr12,48245208,0.165,0.13666666666666666,1.2482839199649436,0.12477677274061695,True
CYP27B1_chr12:57763687,CYP27B1,chr12,57763687,0.44,0.505,0.770155586987269,0.1268658759746352,False
CYP24A1_chr20:54174483,CYP24A1,chr20,54174483,0.1625,0.11666666666666667,1.4690831556503137,0.1427792115634262,False
CYP27B1_chr12:57764247,CYP27B1,chr12,57764247,0.305,0.32166666666666666,0.9254482424423138,0.14384401528094448,False
CYP2R1_chr11:14904317,CYP2R1,chr11,14904317,0.48,0.4483333333333333,1.1358307120388884,0.14421611594545122,False
CYP27B1_chr12:57767482,CYP27B1,chr12,57767482,0.285,0.23166666666666666,1.3219801780952827,0.15505199196605082,False
CYP27B1_chr12:57764078,CYP27B1,chr12,57764078,0.2225,0.17333333333333334,1.3648280979470648,0.15614445972957708,False
GC_chr4:72634789,GC,chr4,72634789,0.0325,0.055,0.5771670190274796,0.15667333435819375,False
CYP27B1_chr12:57764626,CYP27B1,chr12,57764626,0.265,0.25333333333333335,1.0626566416040075,0.15919988992950151,False
CYP27B1_chr12:57768510,CYP27B1,chr12,57768510,0.06,0.04,1.5319148936170044,0.16006126378708152,False
CYP27B1_chr12:57764990,CYP27B1,chr12,57764990,0.355,0.29833333333333334,1.2944870295786208,0.16065206561734593,False
CYP27B1_chr12:57764775,CYP27B1,chr12,57764775,0.4125,0.35333333333333333,1.2850260939381748,0.16121777965571352,False
CYP2R1_chr11:14898621,CYP2R1,chr11,14898621,0.09,0.07166666666666667,1.2811142346025985,0.16596351958465966,False
VDR_chr12:48282098,VDR,chr12,48282098,0.355,0.3616666666666667,0.971421426785266,0.179254163043194,False
CYP24A1_chr20:54171593,CYP24A1,chr20,54171593,0.37,0.37833333333333335,0.9650374099713289,0.18078108075656696,False
GC_chr4:72611274,GC,chr4,72611274,0.395,0.41833333333333333,0.9078067893714383,0.1819875173453438,False
CYP27B1_chr12:57765182,CYP27B1,chr12,57765182,0.1675,0.195,0.8305998305998284,0.1859827746686221,False
CYP2R1_chr11:14900070,CYP2R1,chr11,14900070,0.35,0.375,0.8974358974358959,0.18611386455089018,False
CYP2R1_chr11:14899159,CYP2R1,chr11,14899159,0.0725,0.09833333333333333,0.7167527068390483,0.18755598628621162,True
GC_chr4:72645140,GC,chr4,72645140,0.22,0.22333333333333333,0.9808649062380381,0.1883402067506891,False
GC_chr4:72616755,GC,chr4,72616755,0.3125,0.2633333333333333,1.2715765247410786,0.19648933143233946,False
VDR_chr12:48284357,VDR,chr12,48284357,0.47,0.47833333333333333,0.9671290513444202,0.19983351954290485,False
CYP2R1_chr11:14911057,CYP2R1,chr11,14911057,0.405,0.445,0.8489283353790941,0.19989335288664928,False
VDR_chr12:48296759,VDR,chr12,48296759,0.0525,0.075,0.6833773087071201,0.20682808924877435,False
VDR_chr12:48291988,VDR,chr12,48291988,0.1125,0.07833333333333334,1.4914593946658588,0.20740961225207058,False
CYP24A1_chr20:54161393,CYP24A1,chr20,54161393,0.4225,0.36833333333333335,1.2546473134708405,0.21722716914021717,False
GC_chr4:72624507,GC,chr4,72624507,0.1225,0.09,1.4115226337448485,0.2175657549904557,False
CYP24A1_chr20:54168717,CYP24A1,chr20,54168717,0.4475,0.395,1.240563606163008,0.22169712119685328,False
CYP24A1_chr20:54163789,CYP24A1,chr20,54163789,0.2475,0.2966666666666667,0.7797603493971391,0.22523429899914402,False
GC_chr4:72619856,GC,chr4,72619856,0.03,0.051666666666666666,0.5676754240106371,0.24126082623570919,True
GC_chr4:72630466,GC,chr4,72630466,0.0975,0.12333333333333334,0.7679119562776044,0.24307324016762014,False
GC_chr4:72615867,GC,chr4,72615867,0.09,0.09666666666666666,0.9242137173171613,0.24774659805977492,False
CYP27B1_chr12:57766697,CYP27B1,chr12,57766697,0.26,0.23666666666666666,1.1332318233726657,0.2530910655314707,False
CYP24A1_chr20:54157431,CYP24A1,chr20,54157431,0.17,0.20666666666666667,0.7862417411581791,0.2588334652507005,False
CYP24A1_chr20:54168485,CYP24A1,chr20,54168485,0.33,0.325,1.0229621125143493,0.2643023728228082,False
GC_chr4:72610270,GC,chr4,72610270,0.4125,0.445,0.8756873057614138,0.26922441289198373,False
CYP24A1_chr20:54165465,CYP24A1,chr20,54165465,0.2525,0.23,1.1308710193398257,0.28200816205859397,False
CYP27B1_chr12:57767717,CYP27B1,chr12,57767717,0.3875,0.3416666666666667,1.219014435042307,0.29102121452234875,False
CYP24A1_chr20:54154549,CYP24A1,chr20,54154549,0.3425,0.37333333333333335,0.8743889190657237,0.29118276770064505,False
CYP27B1_chr12:57762086,CYP27B1,chr12,57762086,0.4825,0.5033333333333333,0.9200179159868175,0.2965093786107902,False
CYP2R1_chr11:14916646,CYP2R1,chr11,14916646,0.3175,0.36333333333333334,0.8151695399401807,0.29693274020439825,False
GC_chr4:72635306,GC,chr4,72635306,0.07,0.06666666666666667,1.053763440860208,0.3055262065143277,False
CYP24A1_chr20:54149224,CYP24A1,chr20,54149224,0.335,0.28833333333333333,1.2433830240340709,0.30569029737540976,False
CYP2R1_chr11:14900025,CYP2R1,chr11,14900025,0.25,0.22666666666666666,1.1372549019607814,0.3079578753572913,False
CYP24A1_chr20:54154236,CYP24A1,chr20,54154236,0.22,0.25666666666666665,0.8168498168498152,0.3110060808856332,False
CYP27B1_chr12:57762738,CYP27B1,chr12,57762738,0.28,0.23666666666666666,1.2543035993740188,0.31767047163143297,False
CYP27B1_chr12:57761917,CYP27B1,chr12,57761917,0.4475,0.47333333333333333,0.9012172583009354,0.31794150857167175,False
CYP2R1_chr11:14912397,CYP2R1,chr11,14912397,0.1525,0.18666666666666668,0.7840286557100695,0.31872369095318365,False
CYP24A1_chr20:54174340,CYP24A1,chr20,54174340,0.08,0.10166666666666667,0.7683535281539524,0.34347121838206746,False
CYP27B1_chr12:57767197,CYP27B1,chr12,57767197,0.415,0.4483333333333333,0.8729069361039608,0.345178135558358,False
CYP27B1_chr12:57765391,CYP27B1,chr12,57765391,0.2475,0.2733333333333333,0.8744023985090331,0.3458011170559331,True
CYP2R1_chr11:14919560,CYP2R1,chr11,14919560,0.175,0.17666666666666667,0.9885648942252687,0.3483308973553,False
CYP27B1_chr12:57765613,CYP27B1,chr12,57765613,0.3125,0.31,1.0117302052785904,0.3588702064775699,False
VDR_chr12:48280469,VDR,chr12,48280469,0.4575,0.49333333333333335,0.8661103499813163,0.36421142058336287,False
CYP27B1_chr12:57762150,CYP27B1,chr12,57762150,0.1175,0.135,0.8531109012695386,0.3669510088231312,False
VDR_chr12:48241265,VDR,chr12,48241265,0.4275,0.38166666666666665,1.2097595392917733,0.36751780063881223,False
CYP2R1_chr11:14901448,CYP2R1,chr11,14901448,0.335,0.37333333333333335,0.8455961331901167,0.3676311898701422,False
VDR_chr12:48260785,VDR,chr12,48260785,0.5275,0.4866666666666667,1.1775748351090796,0.3691493200087988,False
CYP24A1_chr20:54163319,CYP24A1,chr20,54163319,0.12,0.145,0.8040752351097152,0.3698395595075092,True
VDR_chr12:48238591,VDR,chr12,48238591,0.2125,0.20833333333333334,1.0253968253968226,0.37584171856532667,False
CYP27B1_chr12:57765311,CYP27B1,chr12,57765311,0.1475,0.14333333333333334,1.034099433949393,0.37857916844042805,False
CYP27B1_chr12:57767127,CYP27B1,chr12,57767127,0.2375,0.23666666666666666,1.0046178711613922,0.3809280769481708,False
CYP24A1_chr20:54161112,CYP24A1,chr20,54161112,0.255,0.25166666666666665,1.0177785679363505,0.38384900394068155,False
GC_chr4:72633941,GC,chr4,72633941,0.1425,0.17,0.8113531126736385,0.38799707124119526,False
CYP24A1_chr20:54168878,CYP24A1,chr20,54168878,0.4025,0.405,0.9896688878557759,0.3975875810240237,False
VDR_chr12:48267567,VDR,chr12,48267567,0.245,0.27666666666666667,0.8484002234101954,0.39807182309764677,False
GC_chr4:72643016,GC,chr4,72643016,0.325,0.32,1.0231481481481461,0.39924480713250005,False
CYP2R1_chr11:14912199,CYP2R1,chr11,14912199,0.305,0.26666666666666666,1.2068345323740979,0.4051011254083008,True
CYP2R1_chr11:14907283,CYP2R1,chr11,14907283,0.255,0.255,0.9999999999999978,0.40682119886397927,False
CYP2R1_chr11:14905960,CYP2R1,chr11,14905960,0.09,0.115,0.7611084567606277,0.40748457776923785,False
GC_chr4:72636331,GC,chr4,72636331,0.2175,0.2,1.1118210862619777,0.4095460033804137,False
CYP24A1_chr20:54148658,CYP24A1,chr20,54148658,0.325,0.36333333333333334,0.84369690791709,0.4114658609660181,False
CYP2R1_chr11:14915085,CYP2R1,chr11,14915085,0.16,0.14333333333333334,1.1384274640088554,0.42249837038762406,False
GC_chr4:72662147,GC,chr4,72662147,0.0625,0.07833333333333334,0.784397163120563,0.4237737258895944,False
GC_chr4:72663115,GC,chr4,72663115,0.2375,0.21,1.1717408274785293,0.4242832871997737,True
VDR_chr12:48252183,VDR,chr12,48252183,0.1775,0.14666666666666667,1.2555954683614214,0.4276203558917845,False
GC_chr4:72627351,GC,chr4,72627351,0.305,0.32166666666666666,0.9254482424423138,0.4331619111221582,False
CYP24A1_chr20:54174224,CYP24A1,chr20,54174224,0.405,0.44,0.8663101604278061,0.4352968818605669,False
VDR_chr12:48278948,VDR,chr12,48278948,0.39,0.37333333333333335,1.0731850117095998,0.4356367985463211,False
CYP27B1_chr12:57762070,CYP27B1,chr12,57762070,0.2025,0.20166666666666666,1.0051814813855255,0.44150315580460364,False
CYP27B1_chr12:57768184,CYP27B1,chr12,57768184,0.14,0.11333333333333333,1.2735978112175048,0.44421774777028233,False
CYP2R1_chr11:14920036,CYP2R1,chr11,14920036,0.075,0.065,1.1663201663201583,0.4446796608043343,False
CYP2R1_chr11:14909146,CYP2R1,chr11,14909146,0.38,0.42,0.8463901689708128,0.4449752077113819,False
GC_chr4:72619222,GC,chr4,72619222,0.34,0.30333333333333334,1.1831501831501807,0.4525891418742074,False
CYP27B1_chr12:57765315,CYP27B1,chr12,57765315,0.0625,0.06166666666666667,1.0144144144144072,0.454853074440572,False
CYP2R1_chr11:14920015,CYP2R1,chr11,14920015,0.4275,0.4633333333333333,0.8649115641984215,0.45528105281954023,False
CYP27B1_chr12:57764997,CYP27B1,chr12,57764997,0.445,0.48333333333333334,0.8570984777881316,0.4622705569194987,False
VDR_chr12:48275460,VDR,chr12,48275460,0.175,0.20666666666666667,0.8142717497556187,0.46281066145358474,False
CYP2R1_chr11:14904537,CYP2R1,chr11,14904537,0.1975,0.195,1.0159757169102936,0.4635272614951943,False
CYP24A1_chr20:54165139,CYP24A1,chr20,54165139,0.335,0.37166666666666665,0.8516470548568716,0.4691344223884165,False
GC_chr4:72645634,GC,chr4,72645634,0.035,0.03,1.1727115716752854,0.4716117727908299,False
GC_chr4:72664394,GC,chr4,72664394,0.44,0.46166666666666667,0.9161939143888588,0.47616127987934587,False
CYP27B1_chr12:57762638,CYP27B1,chr12,57762638,0.08,0.08,0.9999999999999944,0.4771131221169952,False
CYP27B1_chr12:57764297,CYP27B1,chr12,57764297,0.15,0.17833333333333334,0.8130841121495305,0.4775012350579604,True
GC_chr4:72658466,GC,chr4,72658466,0.3475,0.31166666666666665,1.1762042329993625,0.478532132446848,False
VDR_chr12:48239259,VDR,chr12,48239259,0.38,0.395,0.9387505104124116,0.47981510809090766,False
GC_chr4:72656550,GC,chr4,72656550,0.35,0.33166666666666667,1.0850405875531481,0.48767010159487023,False
CYP27B1_chr12:57763595,CYP27B1,chr12,57763595,0.1225,0.1,1.2564102564102506,0.5060902692917165,False
CYP24A1_chr20:54170752,CYP24A1,chr20,54170752,0.32,0.3016666666666667,1.0893727656808556,0.5087624120506674,False
VDR_chr12:48255734,VDR,chr12,48255734,0.375,0.41,0.86341463414634,0.5101365096615278,False
CYP27B1_chr12:57764572,CYP27B1,chr12,57764572,0.28,0.31333333333333335,0.8522458628841592,0.510508247974649,False
CYP27B1_chr12:57768771,CYP27B1,chr12,57768771,0.21,0.18333333333333332,1.1841196777905605,0.5131862141032569,False
GC_chr4:72635208,GC,chr4,72635208,0.3625,0.3616666666666667,1.0036143489653908,0.5141204822255143,False
CYP2R1_chr11:14915562,CYP2R1,chr11,14915562,0.0725,0.056666666666666664,1.3012525765022886,0.5148093373503801,False
CYP2R1_chr11:14918381,CYP2R1,chr11,14918381,0.045,0.03833333333333333,1.1821078989301026,0.5172951989185823,False
GC_chr4:72607994,GC,chr4,72607994,0.325,0.2966666666666667,1.1414898044111503,0.5193080235927211,False
VDR_chr12:48283291,VDR,chr12,48283291,0.3525,0.375,0.9073359073359057,0.5305436794088106,False
CYP27B1_chr12:57762469,CYP27B1,chr12,57762469,0.1375,0.15166666666666667,0.8917025003981498,0.5423527409973672,False
GC_chr4:72640573,GC,chr4,72640573,0.065,0.051666666666666666,1.2760048300845155,0.5427057256223478,False
VDR_chr12:48251321,VDR,chr12,48251321,0.5175,0.48333333333333334,1.1465070573521507,0.5429916870008966,False
CYP24A1_chr20:54158790,CYP24A1,chr20,54158790,0.18,0.19333333333333333,0.9158957106812423,0.5445397729473851,False
VDR_chr12:48290409,VDR,chr12,48290409,0.2075,0.18166666666666667,1.179434491939915,0.5492810866315808,False
CYP2R1_chr11:14914699,CYP2R1,chr11,14914699,0.395,0.425,0.8833252309188123,0.553328290464076,False
CYP2R1_chr11:14919615,CYP2R1,chr11,14919615,0.4525,0.4766666666666667,0.9073985375355224,0.559542469301687,True
CYP24A1_chr20:54162987,CYP24A1,chr20,54162987,0.3525,0.37166666666666665,0.9203559741676317,0.565483557155131,True
CYP24A1_chr20:54169552,CYP24A1,chr20,54169552,0.2575,0.285,0.87004548408057,0.5670125656340017,True
CYP24A1_chr20:54171328,CYP24A1,chr20,54171328,0.35,0.3616666666666667,0.9503722084367229,0.5825564517346524,False
VDR_chr12:48242857,VDR,chr12,48242857,0.1575,0.18333333333333332,0.8327488535203645,0.5843709993834821,False
CYP27B1_chr12:57765507,CYP27B1,chr12,57765507,0.325,0.295,1.1506591337099787,0.586893170135226,False
GC_chr4:72609883,GC,chr4,72609883,0.295,0.27,1.1313370107696323,0.5869914412361863,False
CYP24A1_chr20:54164549,CYP24A1,chr20,54164549,0.365,0.3333333333333333,1.1496062992125962,0.5909562324518263,False
GC_chr4:72632283,GC,chr4,72632283,0.465,0.43333333333333335,1.1365923795830317,0.5917679027489332,False
CYP27B1_chr12:57762802,CYP27B1,chr12,57762802,0.1225,0.13833333333333334,0.8695637249854088,0.5937998023132633,False
CYP24A1_chr20:54148391,CYP24A1,chr20,54148391,0.2675,0.245,1.1253743818346424,0.5982777276519282,False
CYP27B1_chr12:57766218,CYP27B1,chr12,57766218,0.495,0.525,0.8868458274398854,0.599263166111099,False
CYP24A1_chr20:54153714,CYP24A1,chr20,54153714,0.22,0.24333333333333335,0.8770635756937107,0.6195736378425851,False
GC_chr4:72613192,GC,chr4,72613192,0.1975,0.21666666666666667,0.889767553318953,0.6205596138534054,False
CYP24A1_chr20:54163842,CYP24A1,chr20,54163842,0.2975,0.29,1.0368143330469974,0.6293855206743695,False
CYP2R1_chr11:14902615,CYP2R1,chr11,14902615,0.49,0.49,0.9999999999999983,0.6366553727013373,False
CYP27B1_chr12:57764289,CYP27B1,chr12,57764289,0.3,0.305,0.9765807962529255,0.6401752494151582,False
GC_chr4:72652312,GC,chr4,72652312,0.0425,0.051666666666666666,0.8147056346331946,0.6459700674259342,False
CYP2R1_chr11:14918855,CYP2R1,chr11,14918855,0.1775,0.15666666666666668,1.1616762594580574,0.646244553013528,False
CYP2R1_chr11:14903066,CYP2R1,chr11,14903066,0.425,0.40166666666666667,1.1010283240122658,0.6471105580894496,False
VDR_chr12:48296356,VDR,chr12,48296356,0.1525,0.17333333333333334,0.8581801679146787,0.6477425016188452,False
CYP2R1_chr11:14902403,CYP2R1,chr11,14902403,0.1825,0.20166666666666666,0.883741501756512,0.6560748734918133,False
CYP27B1_chr12:57768007,CYP27B1,chr12,57768007,0.5025,0.505,0.9900492561818979,0.6567045963114482,False
VDR_chr12:48281051,VDR,chr12,48281051,0.425,0.44333333333333336,0.9280810722458305,0.6586088953558489,False
GC_chr4:72615988,GC,chr4,72615988,0.3175,0.32166666666666666,0.9810207064093055,0.6630652639772443,False
CYP2R1_chr11:14906136,CYP2R1,chr11,14906136,0.505,0.4816666666666667,1.0978644577260475,0.6636079121208589,False
VDR_chr12:48262152,VDR,chr12,48262152,0.1975,0.21833333333333332,0.8810967634538991,0.6663914780906577,False
CYP24A1_chr20:54163533,CYP24A1,chr20,54163533,0.3575,0.38333333333333336,0.8951108103535765,0.6698245944602592,True
CYP27B1_chr12:57761925,CYP27B1,chr12,57761925,0.3675,0.395,0.8899284534947701,0.6739722205303073,False
GC_chr4:72638359,GC,chr4,72638359,0.3575,0.355,1.010960705869456,0.676617948652753,False
CYP24A1_chr20:54153487,CYP24A1,chr20,54153487,0.1925,0.17,1.1639045711163687,0.6822252600156711,False
CYP24A1_chr20:54157501,CYP24A1,chr20,54157501,0.42,0.39666666666666667,1.101419878296144,0.7005011081267392,False
VDR_chr12:48280897,VDR,chr12,48280897,0.0575,0.06333333333333334,0.9022755828563388,0.7041386147703443,False
VDR_chr12:48276090,VDR,chr12,48276090,0.025,0.02666666666666667,0.9358974358974209,0.7066482778577161,False
CYP27B1_chr12:57767409,CYP27B1,chr12,57767409,0.4325,0.44333333333333336,0.9569408101752161,0.7140005301899971,True
CYP2R1_chr11:14905902,CYP2R1,chr11,14905902,0.5075,0.5266666666666666,0.9261067917496612,0.7234397249065636,False
CYP27B1_chr12:57762438,CYP27B1,chr12,57762438,0.29,0.30666666666666664,0.9234537660747073,0.7271188169674012,True
GC_chr4:72661175,GC,chr4,72661175,0.4075,0.42,0.9497689371107076,0.7277117660240531,False
GC_chr4:72623669,GC,chr4,72623669,0.32,0.2966666666666667,1.1156642432253776,0.7327829856020818,False
CYP2R1_chr11:14917115,CYP2R1,chr11,14917115,0.0725,0.06,1.2246181491464418,0.7335078110646396,False
VDR_chr12:48250001,VDR,chr12,48250001,0.18,0.195,0.9061913696060013,0.734796429236255,False
GC_chr4:72638056,GC,chr4,72638056,0.4925,0.49666666666666665,0.9834694349852862,0.7399989299823535,False
VDR_chr12:48278035,VDR,chr12,48278035,0.1625,0.15166666666666667,1.085287846481873,0.7403016086230072,False
CYP2R1_chr11:14904798,CYP2R1,chr11,14904798,0.145,0.14166666666666666,1.0275197798417577,0.7421889186014119,False
CYP27B1_chr12:57761938,CYP27B1,chr12,57761938,0.2225,0.20333333333333334,1.1212376785620126,0.7514533869437101,False
VDR_chr12:48261349,VDR,chr12,48261349,0.2175,0.19833333333333333,1.1234998791848978,0.7595772235844136,False
CYP2R1_chr11:14901880,CYP2R1,chr11,14901880,0.1975,0.2,0.9844236760124585,0.7617208668759248,False
CYP2R1_chr11:14911890,CYP2R1,chr11,14911890,0.3325,0.35333333333333333,0.911667019998585,0.7692835738357162,False
VDR_chr12:48267129,VDR,chr12,48267129,0.3675,0.3466666666666667,1.0950136819702017,0.7758713544610495,False
CYP27B1_chr12:57767082,CYP27B1,chr12,57767082,0.3325,0.3516666666666667,0.9183485098603033,0.7818050558372718,False
VDR_chr12:48272016,VDR,chr12,48272016,0.12,0.10666666666666667,1.1420454545454495,0.7834266545189983,False
CYP27B1_chr12:57768347,CYP27B1,chr12,57768347,0.3825,0.36333333333333334,1.0854288155108993,0.7865584945921611,False
CYP27B1_chr12:57768708,CYP27B1,chr12,57768708,0.28,0.2866666666666667,0.9677002583979308,0.7870611799972865,False
VDR_chr12:48240190,VDR,chr12,48240190,0.38,0.37,1.043591979075848,0.7951040861847349,True
VDR_chr12:48292905,VDR,chr12,48292905,0.1525,0.16166666666666665,0.9330961286987168,0.8045598467358016,False
CYP27B1_chr12:57762198,CYP27B1,chr12,57762198,0.2825,0.2966666666666667,0.933445562384996,0.8068368079942346,False
CYP24A1_chr20:54162035,CYP24A1,chr20,54162035,0.325,0.30666666666666664,1.0885668276972602,0.8130794960166816,False
VDR_chr12:48263692,VDR,chr12,48263692,0.415,0.435,0.9214068179585405,0.8159636474822596,False
GC_chr4:72657036,GC,chr4,72657036,0.205,0.22166666666666668,0.9054239372014922,0.8185087562317664,False
VDR_chr12:48273010,VDR,chr12,48273010,0.22,0.20666666666666667,1.0827129859387896,0.8238176891377509,False
VDR_chr12:48264847,VDR,chr12,48264847,0.2575,0.25166666666666665,1.0312172497602938,0.830662612385783,False
GC_chr4:72609058,GC,chr4,72609058,0.115,0.11666666666666667,0.9838579499596409,0.8339148904725487,False
CYP2R1_chr11:14917150,CYP2R1,chr11,14917150,0.255,0.25166666666666665,1.0177785679363505,0.8365731241227574,False
GC_chr4:72621789,GC,chr4,72621789,0.1375,0.15,0.9033816425120744,0.8433425175690887,False
CYP2R1_chr11:14915141,CYP2R1,chr11,14915141,0.375,0.3616666666666667,1.0589861751152054,0.849029104176622,False
CYP27B1_chr12:57763593,CYP27B1,chr12,57763593,0.185,0.19333333333333333,0.9471123334038477,0.8508885146232624,True
CYP2R1_chr11:14904564,CYP2R1,chr11,14904564,0.3025,0.2916666666666667,1.0532514080901156,0.855274617157642,False
VDR_chr12:48262048,VDR,chr12,48262048,0.2025,0.2,1.0156739811912199,0.8775916210964769,False
CYP24A1_chr20:54169836,CYP24A1,chr20,54169836,0.11,0.10166666666666667,1.0920979922637637,0.8801808171402801,False
CYP2R1_chr11:14918754,CYP2R1,chr11,14918754,0.44,0.425,1.0630252100840316,0.8875516109585085,False
CYP24A1_chr20:54164503,CYP24A1,chr20,54164503,0.38,0.38166666666666665,0.9929567544724591,0.8880867454966891,True
CYP2R1_chr11:14901591,CYP2R1,chr11,14901591,0.0825,0.09,0.9091734786557629,0.9013959488510495,False
CYP2R1_chr11:14912435,CYP2R1,chr11,14912435,0.1525,0.15333333333333332,0.9935872771578781,0.9051073154661292,False
CYP2R1_chr11:14906413,CYP2R1,chr11,14906413,0.2875,0.27666666666666667,1.0549566687803824,0.9056108671662291,False
VDR_chr12:48287881,VDR,chr12,48287881,0.1125,0.11166666666666666,1.008408660920744,0.9132391839674555,True
CYP2R1_chr11:14917263,CYP2R1,chr11,14917263,0.275,0.2683333333333333,1.034268579995714,0.9147518950532713,False
GC_chr4:72609196,GC,chr4,72609196,0.3325,0.33666666666666667,0.9814588200393054,0.9205883259785367,False
VDR_chr12:48253259,VDR,chr12,48253259,0.3925,0.405,0.9491947365747075,0.9236180512307806,False
GC_chr4:72648755,GC,chr4,72648755,0.0575,0.06333333333333334,0.9022755828563388,0.9301179285575484,False
VDR_chr12:48287397,VDR,chr12,48287397,0.4025,0.4,1.0104602510460232,0.9318808294956097,False
CYP2R1_chr11:14916726,CYP2R1,chr11,14916726,0.28,0.2866666666666667,0.9677002583979308,0.9325676489090904,False
VDR_chr12:48262050,VDR,chr12,48262050,0.1425,0.14833333333333334,0.9541389589543652,0.9437435322697507,False
GC_chr4:72626021,GC,chr4,72626021,0.4175,0.41333333333333333,1.0173058286030716,0.9456963747987406,False
CYP24A1_chr20:54150670,CYP24A1,chr20,54150670,0.3125,0.32166666666666666,0.9585492227979256,0.9465041117813515,False
CYP24A1_chr20:54157013,CYP24A1,chr20,54157013,0.4075,0.405,1.0104182945251845,0.9470288969366294,False
VDR_chr12:48244601,VDR,chr12,48244601,0.165,0.15833333333333333,1.0504254648597509,0.9482787152553369,False
GC_chr4:72636682,GC,chr4,72636682,0.26,0.25333333333333335,1.0355618776671385,0.9672800638699224,False
CYP27B1_chr12:57763507,CYP27B1,chr12,57763507,0.45,0.445,1.0204290091930523,0.9688499110743901,False
GC_chr4:72607675,GC,chr4,72607675,0.1325,0.135,0.9786530045896006,0.969215670921056,False
CYP24A1_chr20:54164086,CYP24A1,chr20,54164086,0.1725,0.17166666666666666,1.0058663068665092,0.9711624510422621,False
CYP24A1_chr20:54164451,CYP24A1,chr20,54164451,0.4525,0.4483333333333333,1.016974758534058,0.9781214684694441,True
VDR_chr12:48238912,VDR,chr12,48238912,0.2975,0.295,1.0120634537668114,0.9802174752519135,False
CYP24A1_chr20:54161754,CYP24A1,chr20,54161754,0.3125,0.31666666666666665,0.9808612440191369,0.9905698224739667,False
VDR_chr12:48278148,VDR,chr12,48278148,0.005,0.013333333333333334,0.3718592964824004,1.0,False
CYP24A1_chr20:54164340,CYP24A1,chr20,54164340,0.0125,0.02,0.6202531645569489,1.0,False
CYP2R1_chr11:14912471,CYP2R1,chr11,14912471,0.05,0.03166666666666667,1.6094182825484542,1.0,False
CYP27B1_chr12:57767455,CYP27B1,chr12,57767455,0.03,0.03333333333333333,0.8969072164948338,1.0,False
CYP2R1_chr11:14906848,CYP2R1,chr11,14906848,0.015,0.006666666666666667,2.26903553299478,1.0,False
CYP27B1_chr12:57762303,CYP27B1,chr12,57762303,0.0275,0.02,1.3856041131105101,1.0,False
VDR_chr12:48296088,VDR,chr12,48296088,0.0375,0.025,1.5194805194804932,1.0,False
CYP24A1_chr20:54148700,CYP24A1,chr20,54148700,0.0225,0.03,0.7442455242966646,1.0,False
GC_chr4:72627455,GC,chr4,72627455,0.06,0.018333333333333333,3.4177949709863777,1.0,False
CYP24A1_chr20:54172124,CYP24A1,chr20,54172124,0.0425,0.06,0.6953872932985155,1.0,False
